nifi1_component,nifi2_equivalent,status,property_changes,recommended_config,examples,source_doc
org.apache.nifi.encrypt.PropertyEncryptorBuilder,-,deprecated / removed,"Los algoritmos sensibles como NIFI_BCRYPT_AES_GCM_128, NIFI_BCRYPT_AES_GCM_256, NIFI_PBKDF2_AES_GCM_128, NIFI_SCRYPT_AES_GCM_128, NIFI_SCRYPT_AES_GCM_256 ya no están soportados en NiFi 2.0.0.","Usar solamente NIFI_ARGON2_AES_GCM_256 o NIFI_PBKDF2_AES_GCM_256 — migrar valores sensibles vía comando nifi.sh set-sensitive-properties-algorithm","N/A (este es componente de configuración global)","https://cwiki.apache.org/confluence/display/NIFI/Migrating+Deprecated+Components+and+Features+for+2.0.0"
org.apache.nifi.processor.ProcessContext (métodos encrypt / decrypt),-,removed / deprecated interface methods,"Los métodos encrypt / decrypt fueron eliminados. En lugar de usar esos métodos, los componentes deben usar PropertyDescriptor con sensitive = true para propiedades sensibles.","Reescribir componentes personalizados para no depender de encrypt / decrypt.","N/A","https://cwiki.apache.org/confluence/display/NIFI/Migrating+Deprecated+Components+and+Features+for+2.0.0"
org.apache.nifi.ssl.SSLContextService (métodos createSSLContext),createContext,changed,"El método createSSLContext(...) con argumentos fue eliminado. El método createContext() sin argumentos proporciona el mismo comportamiento de runtime.","Cambiar llamadas a createSSLContext(...) a createContext().","N/A","https://cwiki.apache.org/confluence/display/NIFI/Migrating+Deprecated+Components+and+Features+for+2.0.0"
org.apache.nifi.controller.scheduling.CronSchedulingAgent,-,changed / deprecated argument behavior,"Se eliminó el soporte para el campo de año (séptimo campo) en expresiones CRON. Además, los días de la semana van de 0 a 7 en lugar de 1 a 7.","Quitar el séptimo campo (año) de expresiones CRON; usar nombres de día (SUN, MON) en lugar de números si es posible.","N/A","https://cwiki.apache.org/confluence/display/NIFI/Migrating+Deprecated+Components+and+Features+for+2.0.0"
ExpressionLanguageScope.VARIABLE_REGISTRY,ENVIRONMENT,removed,"El VARIABLE_REGISTRY ya no se permite en NiFi 2.0.","Cambiar uso de VARIABLE_REGISTRY a ENVIRONMENT o usar contextos de parámetros.","N/A","https://cwiki.apache.org/confluence/display/NIFI/Migrating+Deprecated+Components+and+Features+for+2.0.0"
ConvertJSONToSQL,-,deprecated,"ConvertJSONToSQL será removido en NiFi 2.x","No hay alternativa oficial documentada","Convertir JSON a SQL ya no se soportará directamente","https://nifi.apache.org/docs/nifi-docs/components/org.apache.nifi/nifi-standard-nar/1.6.0/org.apache.nifi.processors.standard.ConvertJSONToSQL/index.html"
org.apache.nifi.processors.standard.GetHTTP,org.apache.nifi.processors.standard.InvokeHTTP,deprecated,"GetHTTP solo soportaba HTTP GET y requería un SSL Context Service para HTTPS. InvokeHTTP soporta múltiples métodos HTTP y usa la configuración de certificados del runtime de Java (no necesita SSL Context Service para HTTPS confiables). También cambia la estrategia por defecto del atributo filename.","Usar InvokeHTTP con propiedades: HTTP Method=GET, Remote URL=https://..., Response FlowFile Naming Strategy=URL_PATH. Ajustar timeouts si es necesario.","Ejemplos en GetHTTP-Deprecated.json y GetHTTP-Migrated.json","https://cwiki.apache.org/confluence/display/NIFI/Migrating+Deprecated+Components+and+Features+for+2.0.0"
org.apache.nifi.processors.standard.GetJMSQueue,org.apache.nifi.jms.processors.ConsumeJMS,deprecated,"GetJMSQueue incluía librerías JMS embebidas (ActiveMQ) y se configuraba con URL y Destination Name. En NiFi 2.x se eliminan las libs embebidas y se requiere un Connection Factory externo.","Configurar ConsumeJMS con un JMSConnectionFactoryProvider (ej: org.apache.activemq.artemis.jms.client.ActiveMQConnectionFactory), definir broker URI (tcp://localhost:61616), Destination Type=QUEUE, y apuntar a JmsClientLibrariesPath con las librerías de ActiveMQ Artemis. Adicionalmente, revisar si las coordenadas del bundle 'nifi-jms-processors-nar' han cambiado en flow.json.gz.","Ejemplos en GetJMSQueue-Deprecated.json y GetJMSQueue-Migrated.json","https://cwiki.apache.org/confluence/display/NIFI/Migrating+Deprecated+Components+and+Features+for+2.0.0"
org.apache.nifi.processors.standard.GetJMSTopic,org.apache.nifi.jms.processors.ConsumeJMS,deprecated,"GetJMSTopic incluía librerías JMS embebidas (ActiveMQ) y se configuraba con URL + Destination Name para TOPIC. En NiFi 2.x se eliminan las libs embebidas y se requiere un Connection Factory externo.","Configurar ConsumeJMS con un JMSConnectionFactoryProvider (ej: org.apache.activemq.artemis.jms.client.ActiveMQConnectionFactory), definir broker URI (tcp://localhost:61616), Destination Type=TOPIC, y apuntar a JmsClientLibrariesPath con las librerías de ActiveMQ Artemis. Adicionalmente, revisar si las coordenadas del bundle 'nifi-jms-processors-nar' han cambiado en flow.json.gz.","Ejemplos en GetJMSTopic-Deprecated.json y GetJMSTopic-Migrated.json","https://cwiki.apache.org/confluence/display/NIFI/Migrating+Deprecated+Components+and+Features+for+2.0.0"
org.apache.nifi.processors.twitter.GetTwitter,org.apache.nifi.processors.twitter.ConsumeTwitter,deprecated,"GetTwitter usaba la API v1.1 y el Hosebird Client, con autenticación por Consumer Key + Access Token. Permitía filtros en propiedades (idiomas, términos, IDs). En NiFi 2.x se elimina y se reemplaza por ConsumeTwitter con API v2, que solo admite autenticación con Bearer Token y ya no soporta filtros en propiedades.","Configurar ConsumeTwitter con un Bearer Token OAuth2. Para simular el Sample Endpoint, usar stream-endpoint=Sample Endpoint. Para filtros, crear reglas con la API de Twitter v2 (ej: https://api.twitter.com/2/tweets/search/stream/rules).","Ejemplos en GetTwitter-Deprecated.json y GetTwitter-Migrated.json","https://cwiki.apache.org/confluence/display/NIFI/Migrating+Deprecated+Components+and+Features+for+2.0.0"
org.apache.nifi.processors.standard.HashAttribute,org.apache.nifi.processors.attributes.UpdateAttribute,deprecated,"HashAttribute solo permitía MD5 (inseguro). Usaba propiedad Hash Value Attribute Key y dinámicas para incluir atributos con regex. UpdateAttribute soporta función :hash() en el Expression Language, permitiendo algoritmos modernos como SHA-256 o SHA-3.","Configurar UpdateAttribute con un dynamic property (ej: label-hash = ${label:hash('SHA-256')}) para calcular un hash seguro de un atributo específico.","Ejemplos en HashAttribute-Deprecated.json y HashAttribute-Migrated.json","https://cwiki.apache.org/confluence/display/NIFI/Migrating+Deprecated+Components+and+Features+for+2.0.0"
org.apache.nifi.processors.standard.HashContent,org.apache.nifi.processors.standard.CryptographicHashContent,deprecated,"HashContent permitía elegir algoritmo y escribía el resultado en un atributo configurable (ej: hash.value). CryptographicHashContent genera el hash en un atributo fijo según el algoritmo (ej: content_SHA-256). Para mantener compatibilidad, se necesita un UpdateAttribute adicional que copie el valor de content_SHA-256 a hash.value.","Configurar CryptographicHashContent con hash_algorithm=SHA-256. Luego añadir UpdateAttribute con propiedad dinámica: hash.value = ${content_SHA-256}.","Ejemplos en HashContent-Deprecated.json y HashContent-Migrated.json","https://cwiki.apache.org/confluence/display/NIFI/Migrating+Deprecated+Components+and+Features+for+2.0.0"
org.apache.nifi.processors.standard.InvokeHTTP,org.apache.nifi.processors.standard.InvokeHTTP,properties_deprecated,"Las propiedades Proxy Host, Proxy Port, Proxy Type, Proxy Username y Proxy Password fueron eliminadas. Ahora se usa un Controller Service: Proxy Configuration Service.","Crear un StandardProxyConfigurationService con los valores de proxy (host, puerto, usuario, contraseña, tipo). En InvokeHTTP, configurar la propiedad proxy-configuration-service para referenciar este servicio.","Ejemplos en InvokeHTTP-Proxy-Deprecated.json e InvokeHTTP-Proxy-Migrated.json","https://cwiki.apache.org/confluence/display/NIFI/Migrating+Deprecated+Components+and+Features+for+2.0.0"
org.apache.nifi.processors.standard.PostHTTP,org.apache.nifi.processors.standard.InvokeHTTP,deprecated,"PostHTTP solo soportaba HTTP POST y requería SSL Context Service explícito para HTTPS. También tenía la opción Send as FlowFile para enviar binario con atributos, lo cual no existe en InvokeHTTP. InvokeHTTP soporta múltiples métodos (incluido POST), usa la propiedad Remote URL y por defecto confía en los certificados del JRE.","Configurar InvokeHTTP con HTTP Method=POST y Remote URL apuntando a ListenHTTP. Si antes se usaba 'Send as FlowFile', se puede replicar con MergeContent (FlowFile v3) o enviando atributos seleccionados como cabeceras.","Ejemplos en PostHTTP-Deprecated.json y PostHTTP-Migrated.json","https://cwiki.apache.org/confluence/display/NIFI/Migrating+Deprecated+Components+and+Features+for+2.0.0"
org.apache.nifi.processors.standard.PutJMS,org.apache.nifi.jms.processors.PublishJMS,deprecated,"PutJMS incluía librerías ActiveMQ y usaba propiedades URL y Destination Name. PublishJMS no trae librerías incluidas, requiere un Connection Factory Service (JMSConnectionFactoryProvider) y las librerías cliente de JMS locales.","Configurar un JMSConnectionFactoryProvider con: cf=org.apache.activemq.artemis.jms.client.ActiveMQConnectionFactory, broker=tcp://${AMQ_HOST}:61616, cflib apuntando al directorio de librerías (ej. /opt/activemq-artemis-2.28.0/lib). Luego en PublishJMS referenciar este Connection Factory Service y definir Destination Name y Destination Type.","Ejemplos en PutJMS-Deprecated.json y PutJMS-Migrated.json","https://cwiki.apache.org/confluence/display/NIFI/Migrating+Deprecated+Components+and+Features+for+2.0.0"
org.apache.nifi.processors.standard.CompressContent,org.apache.nifi.processors.standard.ModifyCompression,deprecated,"CompressContent fue marcado como deprecated en NiFi 2.6.0.","Usar ModifyCompression en su lugar con los mismos algoritmos.","N/A","https://cwiki.apache.org/confluence/display/NIFI/Release+Notes#ReleaseNotes-2.6.0"
org.apache.nifi.processors.azure.eventhub.GetAzureEventHub,org.apache.nifi.processors.azure.eventhub.ConsumeAzureEventHub,deprecated,"GetAzureEventHub quedó obsoleto en NiFi 2.6.0.","Migrar a ConsumeAzureEventHub, que soporta IAM y autenticación moderna.","N/A","https://cwiki.apache.org/confluence/display/NIFI/Release+Notes#ReleaseNotes-2.6.0"
org.apache.nifi.processors.avro.ConvertAvroToParquet,-,deprecated,"ConvertAvroToParquet fue deprecado en NiFi 2.6.0.","Usar Record Readers/Writers para la conversión.","N/A","https://cwiki.apache.org/confluence/display/NIFI/Release+Notes#ReleaseNotes-2.6.0"
org.apache.nifi.processors.netflow.ParseNetflowv5,-,removed,"ParseNetflowv5 está marcado para eliminación en NiFi 2.6.0.","No hay reemplazo oficial documentado.","N/A","https://cwiki.apache.org/confluence/display/NIFI/Release+Notes#ReleaseNotes-2.6.0"
org.apache.nifi.processors.geo.GeohashRecord,-,removed,"GeohashRecord fue marcado para eliminación en NiFi 2.6.0.","No hay reemplazo oficial.","N/A","https://cwiki.apache.org/confluence/display/NIFI/Release+Notes#ReleaseNotes-2.6.0"
org.apache.nifi.processors.hadoop.CreateHadoopSequenceFile,-,removed,"CreateHadoopSequenceFile fue marcado para eliminación en NiFi 2.6.0.","No hay reemplazo oficial.","N/A","https://cwiki.apache.org/confluence/display/NIFI/Release+Notes#ReleaseNotes-2.6.0"
org.apache.nifi.processors.twitter.GetTwitter,org.apache.nifi.processors.twitter.ConsumeTwitter,deprecated,"GetTwitter fue reemplazado por ConsumeTwitter en NiFi 1.17.","Configurar ConsumeTwitter con OAuth 2.0 Bearer Token y reglas de API v2.","Ejemplos en GetTwitter-Deprecated.json y GetTwitter-Migrated.json","https://cwiki.apache.org/confluence/display/NIFI/Release+Notes#ReleaseNotes-1.17.0"
org.apache.nifi.processors.standard.Base64EncodeContent,org.apache.nifi.processors.standard.EncodeContent,deprecated,"Base64EncodeContent era limitado; EncodeContent soporta múltiples formatos.","Migrar a EncodeContent con Encoding=base64.","Ejemplos en Base64EncodeContent-Migrated.json","https://cwiki.apache.org/confluence/display/NIFI/Release+Notes#ReleaseNotes-1.20.0"
org.apache.nifi.processors.standard.ConvertAvroToJSON,-,removed,"ConvertAvroToJSON fue eliminado en NiFi 2.0.0-M3.","Usar ConvertRecord con AvroReader y JsonRecordSetWriter.","N/A","https://cwiki.apache.org/confluence/display/NIFI/Release+Notes#ReleaseNotes-2.0.0-M3"
org.apache.nifi.parameter.FileParameterProvider,org.apache.nifi.parameter.KubernetesSecretParameterProvider,renamed,,"Update references in flow.json.gz to new type",,Cloudera Preparing for NiFi 2 Upgrade (2025)
org.apache.nifi.processors.kafka.pubsub.ConsumeKafka_1_0,org.apache.nifi.processors.kafka.pubsub.ConsumeKafka_2_6,removed→replaced,"Kerberos config must migrate to KerberosUserService","Switch to ConsumeKafka_2_6 before upgrade",,Cloudera Preparing for NiFi 2 Upgrade (2025)
org.apache.nifi.processors.kafka.pubsub.ConsumeKafka_2_0,org.apache.nifi.processors.kafka.pubsub.ConsumeKafka_2_6,removed→replaced,"Kerberos config must migrate to KerberosUserService","Switch to ConsumeKafka_2_6 before upgrade",,Cloudera Preparing for NiFi 2 Upgrade (2025)
org.apache.nifi.processors.kafka.pubsub.PublishKafka_1_0,org.apache.nifi.processors.kafka.pubsub.PublishKafka_2_6,removed→replaced,"Kerberos config must migrate to KerberosUserService","Switch to PublishKafka_2_6 before upgrade",,Cloudera Preparing for NiFi 2 Upgrade (2025)
org.apache.nifi.processors.kafka.pubsub.PublishKafka_2_0,org.apache.nifi.processors.kafka.pubsub.PublishKafka_2_6,removed→replaced,"Kerberos config must migrate to KerberosUserService","Switch to PublishKafka_2_6 before upgrade",,Cloudera Preparing for NiFi 2 Upgrade (2025)
org.apache.nifi.hive.PutHiveStreaming,org.apache.nifi.hive.PutClouderaHiveStreaming,removed→replaced,,"Migrate flows to new PutClouderaHiveStreaming component",,Cloudera Preparing for NiFi 2 Upgrade (2025)
org.apache.nifi.hive.PutHive3Streaming,org.apache.nifi.hive.PutClouderaHiveStreaming,removed→replaced,,"Migrate flows to new PutClouderaHiveStreaming component",,Cloudera Preparing for NiFi 2 Upgrade (2025)
org.apache.nifi.hive.HiveConnectionPool,org.apache.nifi.hive.ClouderaHiveConnectionPool,removed→replaced,,"Use ClouderaHiveConnectionPool instead of HiveConnectionPool",,Cloudera Preparing for NiFi 2 Upgrade (2025)
org.apache.nifi.schemaregistry.HortonworksSchemaRegistry,org.apache.nifi.schemaregistry.ClouderaSchemaRegistry,removed→replaced,,"Switch to ClouderaSchemaRegistry",,Cloudera Preparing for NiFi 2 Upgrade (2025)
org.apache.nifi.hbase.HBase_1_1_2_ClientService,org.apache.nifi.hbase.HBase_2_ClientService,removed→replaced,,"Update to HBase_2_ClientService",,Cloudera Preparing for NiFi 2 Upgrade (2025)
ExecuteScript (ECMAScript),Groovy,removed,"ECMAScript engine removed","Migrate custom scripts to Groovy",,Cloudera Preparing for NiFi 2 Upgrade (2025)
ExecuteScript (Lua),Groovy,removed,"Lua engine removed","Migrate custom scripts to Groovy",,Cloudera Preparing for NiFi 2 Upgrade (2025)
ExecuteScript (Ruby),Groovy,removed,"Ruby engine removed","Migrate custom scripts to Groovy",,Cloudera Preparing for NiFi 2 Upgrade (2025)
ExecuteScript (Python),Groovy,removed,"Python engine removed","Migrate custom scripts to Groovy (or limited new Python API)",,Cloudera Preparing for NiFi 2 Upgrade (2025)
Variables,Parameter Contexts,removed,,"Replace variables with Parameter Contexts",,Cloudera Preparing for NiFi 2 Upgrade (2025)
Templates XML,NiFi Registry,removed,,"Use NiFi Registry instead of XML templates",,Cloudera Preparing for NiFi 2 Upgrade (2025)
EventDriven scheduling,TimerDriven scheduling,removed,,"Reconfigure components to Timer Driven",,Cloudera Preparing for NiFi 2 Upgrade (2025)
flow.xml.gz,flow.json.gz,removed,,"NiFi 2 only supports flow.json.gz",,Cloudera Preparing for NiFi 2 Upgrade (2025)
Kerberos Password auth,KerberosUserService,removed→replaced,,"Use KerberosUserService instead of inline password",,Cloudera Preparing for NiFi 2 Upgrade (2025)
Kerberos Keytab auth,KerberosKeytabUserService,removed→replaced,,"Use KerberosKeytabUserService instead of inline keytab",,Cloudera Preparing for NiFi 2 Upgrade (2025)
org.apache.nifi.processors.standard.ListenTCPRecord,ListenTCP + ConvertRecord,removed→replaced,Deprecated (NIFI-13509),"Reemplazar ListenTCPRecord por combinación de ListenTCP y ConvertRecord","TCP Listener process group migrado con parámetros","Cloudera CFM Migration Tool (2025)"
org.apache.nifi.processors.elasticsearch.PutElasticsearchJson,org.apache.nifi.processors.elasticsearch.PutElasticsearchJson,changed,"Added: [Max JSON Field String Length] (NIFI-12343); Renamed: [put-es-json-not_found-is-error] → [put-es-not_found-is-error]; Removed: [put-es-json-error-documents]; Renamed relationship [success] → [original]; Added relationship [successful]","Actualizar propiedades y revisar conexiones de relaciones en el lienzo","Elastic process group migration logs","Cloudera CFM Migration Tool (2025)"
NiFi Variables,NiFi Parameters,removed→replaced,"Variables ${var} no soportadas, deben migrarse a parámetros con sintaxis #{param}","Crear Parameter Contexts y asignar a process groups","Ejemplo con variable 'Elasticsearch Index' convertida a parámetro","Cloudera CFM Migration Tool (2025)"
NiFi Templates (XML),Process Groups JSON,removed→replaced,"XML templates no soportados en NiFi 2","Usar migrate-templates para exportar como process groups JSON","elastic_template.xml → elastic_template.json","Cloudera CFM Migration Tool (2025)"
org.apache.nifi.processors.elasticsearch.PutElasticsearchJson,org.apache.nifi.processors.elasticsearch.PutElasticsearchJson,changed,"Added: property [Max JSON Field String Length] (NIFI-12343)","Configurar límite apropiado según tamaño esperado de campos JSON","Flujos con documentos grandes de Elasticsearch","Cloudera CFM Migration Tool (2025)"
org.apache.nifi.processors.elasticsearch.PutElasticsearchJson,org.apache.nifi.processors.elasticsearch.PutElasticsearchJson,changed,"Renamed: property [put-es-json-not_found-is-error] → [put-es-not_found-is-error]","Actualizar configuración para mantener mismo comportamiento","Migración automática de process group con Elasticsearch","Cloudera CFM Migration Tool (2025)"
org.apache.nifi.processors.elasticsearch.PutElasticsearchJson,org.apache.nifi.processors.elasticsearch.PutElasticsearchJson,changed,"Removed: property [put-es-json-error-documents]","Revisar manejo de errores y rutas alternativas","Revisar relaciones 'failure' y 'retry' en flujo migrado","Cloudera CFM Migration Tool (2025)"
org.apache.nifi.processors.elasticsearch.PutElasticsearchJson,org.apache.nifi.processors.elasticsearch.PutElasticsearchJson,changed,"Renamed relationship [success] → [original]","Actualizar conexiones de relaciones en el lienzo","Conectar 'original' en lugar de 'success'","Cloudera CFM Migration Tool (2025)"
org.apache.nifi.processors.elasticsearch.PutElasticsearchJson,org.apache.nifi.processors.elasticsearch.PutElasticsearchJson,changed,"Added relationship [successful]","Aprovechar nueva relación para flujos más granulares","Conectar 'successful' a rutas downstream","Cloudera CFM Migration Tool (2025)"
Variables,Parameters,removed,"Variables de flujo eliminadas en NiFi 2.x","Migrar todas las referencias ${var} a #{param} mediante Parameter Contexts","Uso de Parameter Contexts en cada Process Group","Cloudera CFM Migration Tool (2025)"
Variables,Parameters,removed,"Ámbito global de Variables eliminado","Definir Parameter Contexts por flujo/proyecto en lugar de globales","Reorganizar configuración de parámetros a nivel de grupo","Cloudera CFM Migration Tool (2025)"
Variables,Parameters,removed,"Migración automática: Variables exportadas como Parameters","Revisar equivalencias generadas por la herramienta de migración","Validar parámetros críticos tras migración","Cloudera CFM Migration Tool (2025)"
Templates (XML),Process Groups (JSON),removed,"Templates en formato XML eliminados","Usar Process Group Import/Export en JSON","Reexportar flujos existentes como JSON","Cloudera CFM Migration Tool (2025)"
Templates (XML),Process Groups (JSON),removed,"Propiedades contextuales de templates ya no soportadas","Adaptar configuraciones específicas a Parameter Contexts","Convertir templates antiguos a Process Groups modernos","Cloudera CFM Migration Tool (2025)"
Templates (XML),Process Groups (JSON),removed,"Migración automática: Templates XML convertidos a JSON","Revisar consistencia de process groups tras migración","Ejecutar tool cfm-migration para validar conversiones","Cloudera CFM Migration Tool (2025)"
GetHDFS,GetHDFS,changed,"Propiedades Kerberos Principal/Password/Keytab eliminadas","Configurar un KerberosUserService y referenciarlo desde el procesador","Ejemplo de GetHDFS enlazado a KerberosUserService","Cloudera Preparing for NiFi 2 Upgrade (2025)"
PutHDFS,PutHDFS,changed,"Propiedades Kerberos Principal/Password/Keytab eliminadas","Configurar un KerberosUserService y referenciarlo desde el procesador","Ejemplo de PutHDFS con Kerberos centralizado","Cloudera Preparing for NiFi 2 Upgrade (2025)"
ListenSyslog,ListenSyslog,changed,"Propiedades Kerberos embebidas eliminadas","Usar KerberosUserService compartido","Ejemplo en Release Notes 2.0 con ListenSyslog","Cloudera Preparing for NiFi 2 Upgrade (2025)"
FetchHDFS,FetchHDFS,changed,"Propiedades Kerberos embebidas eliminadas","Referenciar KerberosUserService en lugar de propiedades locales","Migración automática conserva principal en el servicio","Cloudera Preparing for NiFi 2 Upgrade (2025)"
General Processors,KerberosUserService,changed,"Soporte de Password/Keytab en cada procesador eliminado","Centralizar credenciales en KerberosUserService","Reutilizar un único servicio para varios procesadores","Cloudera Preparing for NiFi 2 Upgrade (2025)"
ExecuteScript (ECMAScript),ExecuteScript (Groovy),removed,"Soporte de ECMAScript (Nashorn) eliminado","Reescribir scripts en Groovy","Migración de scripts JS a Groovy","Cloudera Preparing for NiFi 2 Upgrade (2025)"
ExecuteScript (Jython),ExecuteScript (Groovy),removed,"Soporte de Jython (Python) eliminado","Reescribir scripts en Groovy","Migración de scripts Python a Groovy","Cloudera Preparing for NiFi 2 Upgrade (2025)"
ExecuteScript (Ruby),ExecuteScript (Groovy),removed,"Soporte de Ruby eliminado","Reescribir scripts en Groovy","Ejemplo de migración Ruby → Groovy","Cloudera Preparing for NiFi 2 Upgrade (2025)"
ExecuteScript (Lua),ExecuteScript (Groovy),removed,"Soporte de Lua eliminado","Reescribir scripts en Groovy","Ejemplo de migración Lua → Groovy","Cloudera Preparing for NiFi 2 Upgrade (2025)"
InvokeScriptedProcessor (ECMAScript),InvokeScriptedProcessor (Groovy),removed,"Soporte de ECMAScript eliminado","Reescribir scripts en Groovy","Ejemplo JSON de migración","Cloudera Preparing for NiFi 2 Upgrade (2025)"
InvokeScriptedProcessor (Jython),InvokeScriptedProcessor (Groovy),removed,"Soporte de Jython eliminado","Reescribir scripts en Groovy","Ejemplo JSON de migración","Cloudera Preparing for NiFi 2 Upgrade (2025)"
GetKafka,ConsumeKafka,removed,"Procesador GetKafka eliminado","Usar ConsumeKafka con configuración de topic, group.id y offsets","Ejemplo de flujo NiFi 2 con ConsumeKafka","Cloudera Preparing for NiFi 2 Upgrade (2025)"
PutKafka,PublishKafka,removed,"Procesador PutKafka eliminado","Usar PublishKafka con configuración de topic y acks","Ejemplo de flujo NiFi 2 con PublishKafka","Cloudera Preparing for NiFi 2 Upgrade (2025)"
GetKafka_0_8,ConsumeKafka,removed,"Procesador específico de Kafka 0.8 eliminado","Migrar a ConsumeKafka (requiere librerías Kafka 2.x o superiores)","Ejemplo de migración GetKafka_0_8 → ConsumeKafka","Cloudera Preparing for NiFi 2 Upgrade (2025)"
PutKafka_0_8,PublishKafka,removed,"Procesador específico de Kafka 0.8 eliminado","Migrar a PublishKafka (requiere librerías Kafka 2.x o superiores)","Ejemplo de migración PutKafka_0_8 → PublishKafka","Cloudera Preparing for NiFi 2 Upgrade (2025)"
ConsumeKafka_0_10,ConsumeKafka,removed,"Procesador obsoleto de Kafka 0.10 eliminado","Usar ConsumeKafka con versiones modernas del cliente Kafka","Ejemplo de migración ConsumeKafka_0_10 → ConsumeKafka","Cloudera Preparing for NiFi 2 Upgrade (2025)"
PublishKafka_0_10,PublishKafka,removed,"Procesador obsoleto de Kafka 0.10 eliminado","Usar PublishKafka con versiones modernas del cliente Kafka","Ejemplo de migración PublishKafka_0_10 → PublishKafka","Cloudera Preparing for NiFi 2 Upgrade (2025)"
PutHiveQL,PutHiveRecord,removed,"Procesador PutHiveQL eliminado","Usar PutHiveRecord con un RecordReader/Writer y conexión JDBC configurada","Ejemplo de flujo Insert con PutHiveRecord","Cloudera Preparing for NiFi 2 Upgrade (2025)"
SelectHiveQL,ExecuteSQLRecord,removed,"Procesador SelectHiveQL eliminado","Usar ExecuteSQLRecord con un RecordReader/Writer y conexión JDBC configurada","Ejemplo de consulta SELECT migrada a ExecuteSQLRecord","Cloudera Preparing for NiFi 2 Upgrade (2025)"
PutHiveStreaming,PutHive3Streaming,removed,"Procesador PutHiveStreaming (Hive 1/2) eliminado","Usar PutHive3Streaming (para Hive 3.x) con configuración de Metastore y transacciones ACID","Ejemplo migración PutHiveStreaming → PutHive3Streaming","Cloudera Preparing for NiFi 2 Upgrade (2025)"
PutHBaseJSON,PutHBaseCell,removed,"Procesador PutHBaseJSON eliminado","Usar PutHBaseCell con un RecordReader y configuración explícita de columnas","Ejemplo flujo NiFi 2 escribiendo a HBase con PutHBaseCell","Cloudera Preparing for NiFi 2 Upgrade (2025)"
PutHBaseRecord,PutHBaseCell,removed,"Procesador PutHBaseRecord eliminado","Usar PutHBaseCell con control de mapping de columnas","Ejemplo migración PutHBaseRecord → PutHBaseCell","Cloudera Preparing for NiFi 2 Upgrade (2025)"
ScanHBase,QueryHBase,removed,"Procesador ScanHBase eliminado","Usar QueryHBase para ejecutar consultas escaneando tablas","Ejemplo de flujo migrado con QueryHBase","Cloudera Preparing for NiFi 2 Upgrade (2025)"
FetchHBaseRow,QueryHBase,removed,"Procesador FetchHBaseRow eliminado","Usar QueryHBase con filtros de rowkey","Ejemplo migración FetchHBaseRow → QueryHBase","Cloudera Preparing for NiFi 2 Upgrade (2025)"
DeleteHBaseRow,DeleteHBase,removed,"Procesador DeleteHBaseRow eliminado","Usar DeleteHBase para borrar filas en HBase","Ejemplo migración DeleteHBaseRow → DeleteHBase","Cloudera Preparing for NiFi 2 Upgrade (2025)"
PutElasticsearchHttp,PutElasticsearchJson,removed,"Procesador PutElasticsearchHttp eliminado","Usar PutElasticsearchJson con RecordReader/Writer o configuraciones de JSON directas","Ejemplo flujo migrado con PutElasticsearchJson","Cloudera Preparing for NiFi 2 Upgrade (2025)"
PutElasticsearch5,PutElasticsearchJson,removed,"Procesador PutElasticsearch5 eliminado","Usar PutElasticsearchJson (compatible con Elasticsearch 7+)","Ejemplo migración PutElasticsearch5 → PutElasticsearchJson","Cloudera Preparing for NiFi 2 Upgrade (2025)"
PutElasticsearchHttpRecord,PutElasticsearchRecord,removed,"Procesador PutElasticsearchHttpRecord eliminado","Usar PutElasticsearchRecord con RecordReader/Writer","Ejemplo flujo migrado con PutElasticsearchRecord","Cloudera Preparing for NiFi 2 Upgrade (2025)"
PutElasticsearchJson,PutElasticsearchJson,changed,"Propiedades modificadas: cluster.name, es.nodes, y credenciales deprecadas","Revisar nueva configuración de endpoints y autenticación","Ejemplo flujo actualizado PutElasticsearchJson","Cloudera Preparing for NiFi 2 Upgrade (2025)"
PutElasticsearchRecord,PutElasticsearchRecord,changed,"Propiedades modificadas: index, type (type eliminado en ES 7)","Actualizar plantillas de indexación sin type","Ejemplo flujo actualizado PutElasticsearchRecord","Cloudera Preparing for NiFi 2 Upgrade (2025)"
AvroSchemaRegistry,SchemaRegistry,removed,"Controlador AvroSchemaRegistry eliminado","Usar SchemaRegistry (nueva API unificada)","Ejemplo de migración AvroSchemaRegistry → SchemaRegistry","Cloudera Preparing for NiFi 2 Upgrade (2025)"
ConfluentSchemaRegistry,SchemaRegistry,removed,"Controlador ConfluentSchemaRegistry eliminado","Usar SchemaRegistry unificado con soporte para Confluent (mediante URL de endpoint)","Ejemplo migración ConfluentSchemaRegistry → SchemaRegistry","Cloudera Preparing for NiFi 2 Upgrade (2025)"
HortonworksSchemaRegistry,SchemaRegistry,removed,"Controlador HortonworksSchemaRegistry eliminado","Usar SchemaRegistry unificado","Ejemplo migración HortonworksSchemaRegistry → SchemaRegistry","Cloudera Preparing for NiFi 2 Upgrade (2025)"
JsonSchemaRegistry,SchemaRegistry,removed,"Controlador JsonSchemaRegistry eliminado","Usar SchemaRegistry que soporta JSON Schema, Avro y otros formatos","Ejemplo de migración JsonSchemaRegistry → SchemaRegistry","Cloudera Preparing for NiFi 2 Upgrade (2025)"
SchemaRegistry,SchemaRegistry,changed,"Unificación de todos los controladores anteriores","Configurar endpoints y tipo de registro dentro de un solo servicio","Ejemplo de configuración única con SchemaRegistry","Cloudera Preparing for NiFi 2 Upgrade (2025)"
ExecuteScript (Groovy),ExecuteScript,active,"Sin cambios, Groovy sigue siendo el único lenguaje soportado","Seguir usando Groovy para scripts","Ejemplo de ExecuteScript en Groovy válido en NiFi 2","Cloudera Preparing for NiFi 2 Upgrade (2025)"
ExecuteScript (ECMAScript/Nashorn),-,removed,"Motor ECMAScript (Nashorn) eliminado en Java 15+","Migrar lógica a Groovy en ExecuteScript","Ejemplo de script ECMAScript convertido a Groovy","Cloudera Preparing for NiFi 2 Upgrade (2025)"
ExecuteScript (Jython/Python),-,removed,"Motor Jython eliminado (obsoleto y no soporta Python 3)","Migrar lógica a Groovy o usar integración externa vía ExecuteStreamCommand","Ejemplo de script Jython convertido a Groovy","Cloudera Preparing for NiFi 2 Upgrade (2025)"
ExecuteScript (Ruby),-,removed,"Motor JRuby eliminado","Migrar lógica a Groovy en ExecuteScript","Ejemplo de script Ruby convertido a Groovy","Cloudera Preparing for NiFi 2 Upgrade (2025)"
ExecuteScript (Lua),-,removed,"Motor Lua eliminado","Migrar lógica a Groovy en ExecuteScript","Ejemplo de script Lua convertido a Groovy","Cloudera Preparing for NiFi 2 Upgrade (2025)"
InvokeScriptedProcessor (multi-language),InvokeScriptedProcessor (Groovy),changed,"Soporte multilenguaje eliminado, solo Groovy permitido","Reescribir scripts en Groovy","Ejemplo de InvokeScriptedProcessor en Groovy","Cloudera Preparing for NiFi 2 Upgrade (2025)"
FlowFile Variables,Parameter Contexts,removed,"Uso de variables locales en componentes eliminado","Usar Parameter Contexts para definir parámetros reutilizables","Ejemplo de ${var} migrado a #{param}","Cloudera Preparing for NiFi 2 Upgrade (2025)"
Variable Registry,Parameter Contexts,removed,"Variable Registry eliminado","Migrar entradas del registry a Parameter Contexts","Ejemplo de Variable Registry convertido a Parameter Context","Cloudera Preparing for NiFi 2 Upgrade (2025)"
Templates (XML),Process Groups (JSON),removed,"Formato de templates en XML (flow.xml.gz) eliminado","Usar Process Groups exportables en JSON (flow.json.gz)","Ejemplo template XML → JSON","Cloudera Preparing for NiFi 2 Upgrade (2025)"
Flow Configuration (flow.xml.gz),Flow Configuration (flow.json.gz),changed,"Archivo de configuración principal ahora en JSON","Revisar rutas y configuración de despliegue","Ejemplo de flow.json.gz en NiFi 2","Cloudera Preparing for NiFi 2 Upgrade (2025)"
Kerberos (Password/Keytab en procesadores),KerberosUserService,changed,"Se eliminaron las propiedades Kerberos Principal/Password/Keytab de procesadores como GetHDFS, PutHDFS, ListenSyslog, etc.","Configurar un KerberosUserService centralizado y referenciarlo en los procesadores","Ejemplo de GetHDFS enlazado a KerberosUserService","Cloudera Preparing for NiFi 2 Upgrade (2025)"
Repository Encryption,-,removed,"El cifrado de repositorios (Content/Provenance/FlowFile Repository) fue eliminado en NiFi 2.x.","Usar cifrado a nivel de disco (OS) o almacenamiento externo seguro","Ejemplo: habilitar LUKS o EBS Encryption en el entorno","Cloudera Preparing for NiFi 2 Upgrade (2025)"
SSL/TLS Properties (embebidas),StandardSSLContextService,changed,"Se eliminaron propiedades SSL directas en varios procesadores (keystore, truststore, passwords).","Configurar StandardSSLContextService y referenciarlo en los procesadores","Ejemplo de InvokeHTTP configurado con SSLContextService","Cloudera Preparing for NiFi 2 Upgrade (2025)"
Login Identity Providers (Kerberos Password/Keytab),KerberosUserService,removed,"Soporte de autenticación Kerberos mediante password/keytab en login-identity-providers.xml eliminado.","Configurar KerberosUserService para autenticación integrada","Ejemplo de login con KerberosUserService en NiFi 2","Cloudera Preparing for NiFi 2 Upgrade (2025)"
FlowFile Variables,Parameter Contexts,removed,"Las variables locales de FlowFile ya no son soportadas en NiFi 2.x.","Definir parámetros reutilizables en Parameter Contexts y referenciarlos con #{param}","Migración de ${var} → #{param}","Cloudera Preparing for NiFi 2 Upgrade (2025)"
Variable Registry,Parameter Contexts,removed,"El registro de variables (variable-registry.properties) fue eliminado.","Migrar todas las variables definidas en el registry a Parameter Contexts.","Ejemplo: variable-registry → Parameter Context de entorno","Cloudera Preparing for NiFi 2 Upgrade (2025)"
Templates (XML),Process Groups (JSON),removed,"Los templates en formato XML ya no son soportados.","Usar Process Groups exportables/importables en formato JSON.","Ejemplo: template.xml → process_group.json","Cloudera Preparing for NiFi 2 Upgrade (2025)"
Flow Configuration (flow.xml.gz),Flow Configuration (flow.json.gz),changed,"El archivo de configuración principal pasó de XML a JSON.","Migrar a flow.json.gz en la carpeta conf para desplegar el flujo.","Ejemplo: flow.xml.gz reemplazado por flow.json.gz","Cloudera Preparing for NiFi 2 Upgrade (2025)"
AvroSchemaRegistry,SchemaRegistry,removed,"Controlador AvroSchemaRegistry eliminado","Configurar SchemaRegistry unificado para esquemas Avro, JSON, Protobuf","Ejemplo: SchemaRegistry con múltiples formatos","Cloudera Preparing for NiFi 2 Upgrade (2025)"
ConfluentSchemaRegistry,SchemaRegistry,removed,"Controlador ConfluentSchemaRegistry eliminado","Usar SchemaRegistry unificado con soporte para Confluent (mediante URL de endpoint)","Ejemplo: migración de URL Confluent a SchemaRegistry","Cloudera Preparing for NiFi 2 Upgrade (2025)"
HortonworksSchemaRegistry,SchemaRegistry,removed,"Controlador HortonworksSchemaRegistry eliminado","Usar SchemaRegistry unificado apuntando al servicio de HDP/Cloudera","Ejemplo: migración de Hortonworks a SchemaRegistry","Cloudera Preparing for NiFi 2 Upgrade (2025)"
JsonSchemaRegistry,SchemaRegistry,removed,"Controlador JsonSchemaRegistry eliminado","Usar SchemaRegistry unificado para JSON schema","Ejemplo: schema JSON migrado a servicio unificado","Cloudera Preparing for NiFi 2 Upgrade (2025)"
Java 8/11/17,Java 21,removed,"Soporte para Java 8, 11 y 17 eliminado en NiFi 2.x","Actualizar el entorno a JDK 21 obligatoriamente","Ejemplo despliegue con OpenJDK 21","Cloudera Preparing for NiFi 2 Upgrade (2025)"
EventDrivenScheduling,-,removed,"Modo de scheduling Event Driven eliminado","Configurar en su lugar CRON o Timer Driven según necesidad","Ejemplo flujo con CRON en lugar de EventDriven","Cloudera Preparing for NiFi 2 Upgrade (2025)"
Repository Encryption,-,removed,"Cifrado de repositorios eliminado en NiFi 2.x","Usar cifrado a nivel de sistema de ficheros o disco (ej. LUKS, EBS encryption)","Ejemplo: repositorio protegido con cifrado del SO","Cloudera Preparing for NiFi 2 Upgrade (2025)"
flow.xml.gz,flow.json.gz,changed,"Archivo principal de flujo en XML reemplazado por JSON","Usar flow.json.gz como configuración de arranque en NiFi 2","Ejemplo: migración de flow.xml.gz a flow.json.gz","Cloudera Preparing for NiFi 2 Upgrade (2025)"
Variable Registry,Parameter Contexts,removed,"Variable Registry eliminado","Definir parámetros en Parameter Contexts","Ejemplo migración ${var} → #{param}","Cloudera Preparing for NiFi 2 Upgrade (2025)"
AttributesToCSV,AttributesToCSV,active,"No changes","No changes required.","N/A","https://nifi.apache.org/docs/nifi-2.0.0-M3/components/org.apache.nifi/nifi-standard-nar/2.0.0-M3/org.apache.nifi.processors.standard.AttributesToCSV/"
AttributesToJSON,AttributesToJSON,active,"No changes","No changes required.","N/A","https://nifi.apache.org/docs/nifi-2.0.0-M3/components/org.apache.nifi/nifi-standard-nar/2.0.0-M3/org.apache.nifi.processors.standard.AttributesToJSON/"
AttributeRollingWindow,AttributeRollingWindow,active,"No changes","No changes required.","N/A","https://nifi.apache.org/docs/nifi-1.28.0/components/org.apache.nifi/nifi-stateful-analysis-nar/1.28.0/org.apache.nifi.processors.stateful.analysis.AttributeRollingWindow/"
CalculateParquetOffsets,CalculateParquetOffsets,active,"No changes","No changes required.","N/A","https://nifi.apache.org/docs/nifi-2.0.0-M3/components/org.apache.nifi/nifi-parquet-nar/2.0.0-M3/org.apache.nifi.processors.parquet.CalculateParquetOffsets/"
CalculateRecordStats,CalculateRecordStats,active,"No changes","No changes required.","N/A","https://nifi.apache.org/docs/nifi-2.0.0-M3/components/org.apache.nifi/nifi-standard-nar/2.0.0-M3/org.apache.nifi.processors.standard.CalculateRecordStats/"
ControlRate,ControlRate,active,"No changes","No changes required.","N/A","https://nifi.apache.org/docs/nifi-2.0.0-M3/components/org.apache.nifi/nifi-standard-nar/2.0.0-M3/org.apache.nifi.processors.standard.ControlRate/"
ConvertCharacterSet,ConvertCharacterSet,active,"No changes","No changes required.","N/A","https://nifi.apache.org/docs/nifi-2.0.0-M3/components/org.apache.nifi/nifi-standard-nar/2.0.0-M3/org.apache.nifi.processors.standard.ConvertCharacterSet/"
CountText,CountText,active,"No changes","No changes required.","N/A","https://nifi.apache.org/docs/nifi-2.0.0-M3/components/org.apache.nifi/nifi-standard-nar/2.0.0-M3/org.apache.nifi.processors.standard.CountText/"
CryptographicHashAttribute,CryptographicHashAttribute,active,"No changes","No changes required.","N/A","https://nifi.apache.org/docs/nifi-2.0.0-M3/components/org.apache.nifi/nifi-standard-nar/2.0.0-M3/org.apache.nifi.processors.standard.CryptographicHashAttribute/"
DebugFlow,DebugFlow,active,"No changes","No changes required.","N/A","https://nifi.apache.org/docs/nifi-2.0.0-M3/components/org.apache.nifi/nifi-standard-nar/2.0.0-M3/org.apache.nifi.processors.standard.DebugFlow/"
DeduplicateRecord,DeduplicateRecord,active,"No changes","No changes required.","N/A","https://nifi.apache.org/docs/nifi-2.0.0-M3/components/org.apache.nifi/nifi-standard-nar/2.0.0-M3/org.apache.nifi.processors.standard.DeduplicateRecord/"
DeleteFile,DeleteFile,active,"No changes","No changes required.","N/A","https://nifi.apache.org/docs/nifi-2.0.0-M3/components/org.apache.nifi/nifi-standard-nar/2.0.0-M3/org.apache.nifi.processors.standard.DeleteFile/"
DetectDuplicate,DetectDuplicate,active,"No changes","No changes required.","N/A","https://nifi.apache.org/docs/nifi-2.0.0-M3/components/org.apache.nifi/nifi-standard-nar/2.0.0-M3/org.apache.nifi.processors.standard.DetectDuplicate/"
DistributeLoad,DistributeLoad,active,"No changes","No changes required.","N/A","https://nifi.apache.org/docs/nifi-2.0.0-M3/components/org.apache.nifi/nifi-standard-nar/2.0.0-M3/org.apache.nifi.processors.standard.DistributeLoad/"
DuplicateFlowFile,DuplicateFlowFile,active,"No changes","No changes required.","N/A","https://nifi.apache.org/docs/nifi-2.0.0-M3/components/org.apache.nifi/nifi-standard-nar/2.0.0-M3/org.apache.nifi.processors.standard.DuplicateFlowFile/"
EnforceOrder,EnforceOrder,active,"No changes","No changes required.","N/A","https://nifi.apache.org/docs/nifi-2.0.0-M3/components/org.apache.nifi/nifi-standard-nar/2.0.0-M3/org.apache.nifi.processors.standard.EnforceOrder/"
EvaluateJsonPath,EvaluateJsonPath,active,"No changes","No changes required.","N/A","https://nifi.apache.org/docs/nifi-2.0.0-M3/components/org.apache.nifi/nifi-standard-nar/2.0.0-M3/org.apache.nifi.processors.standard.EvaluateJsonPath/"
EvaluateXPath,EvaluateXPath,active,"No changes","No changes required.","N/A","https://nifi.apache.org/docs/nifi-2.0.0-M3/components/org.apache.nifi/nifi-standard-nar/2.0.0-M3/org.apache.nifi.processors.standard.EvaluateXPath/"
EvaluateXQuery,EvaluateXQuery,active,"No changes","No changes required.","N/A","https://nifi.apache.org/docs/nifi-2.0.0-M3/components/org.apache.nifi/nifi-standard-nar/2.0.0-M3/org.apache.nifi.processors.standard.EvaluateXQuery/"
ExtractText,ExtractText,active,"No changes","No changes required.","N/A","https://nifi.apache.org/docs/nifi-2.0.0-M3/components/org.apache.nifi/nifi-standard-nar/2.0.0-M3/org.apache.nifi.processors.standard.ExtractText/"
FetchFile,FetchFile,active,"No changes","No changes required.","N/A","https://nifi.apache.org/docs/nifi-2.0.0-M3/components/org.apache.nifi/nifi-standard-nar/2.0.0-M3/org.apache.nifi.processors.standard.FetchFile/"
FilterAttribute,FilterAttribute,active,"No changes","No changes required.","N/A","https://nifi.apache.org/docs/nifi-2.0.0-M3/components/org.apache.nifi/nifi-standard-nar/2.0.0-M3/org.apache.nifi.processors.standard.FilterAttribute/"
FlattenJson,FlattenJson,active,"No changes","No changes required.","N/A","https://nifi.apache.org/docs/nifi-2.0.0-M3/components/org.apache.nifi/nifi-standard-nar/2.0.0-M3/org.apache.nifi.processors.standard.FlattenJson/"
GenerateFlowFile,GenerateFlowFile,active,"No changes","No changes required.","N/A","https://nifi.apache.org/docs/nifi-2.0.0-M3/components/org.apache.nifi/nifi-standard-nar/2.0.0-M3/org.apache.nifi.processors.standard.GenerateFlowFile/"
LogAttribute,LogAttribute,active,"No changes","No changes required.","N/A","https://nifi.apache.org/docs/nifi-2.0.0-M3/components/org.apache.nifi/nifi-standard-nar/2.0.0-M3/org.apache.nifi.processors.standard.LogAttribute/"
LogMessage,LogMessage,active,"No changes","No changes required.","N/A","https://nifi.apache.org/docs/nifi-2.0.0-M3/components/org.apache.nifi/nifi-standard-nar/2.0.0-M3/org.apache.nifi.processors.standard.LogMessage/"
MergeContent,MergeContent,active,"No changes","No changes required.","N/A","https://nifi.apache.org/docs/nifi-2.0.0-M3/components/org.apache.nifi/nifi-standard-nar/2.0.0-M3/org.apache.nifi.processors.standard.MergeContent/"
ModifyBytes,ModifyBytes,active,"No changes","No changes required.","N/A","https://nifi.apache.org/docs/nifi-2.0.0-M3/components/org.apache.nifi/nifi-standard-nar/2.0.0-M3/org.apache.nifi.processors.standard.ModifyBytes/"
MonitorActivity,MonitorActivity,active,"No changes","No changes required.","N/A","https://nifi.apache.org/docs/nifi-2.0.0-M3/components/org.apache.nifi/nifi-standard-nar/2.0.0-M3/org.apache.nifi.processors.standard.MonitorActivity/"
ReplaceText,ReplaceText,active,"No changes","No changes required.","N/A","https://nifi.apache.org/docs/nifi-2.0.0-M3/components/org.apache.nifi/nifi-standard-nar/2.0.0-M3/org.apache.nifi.processors.standard.ReplaceText/"
RouteOnAttribute,RouteOnAttribute,active,"No changes","No changes required.","N/A","https://nifi.apache.org/docs/nifi-2.0.0-M3/components/org.apache.nifi/nifi-standard-nar/2.0.0-M3/org.apache.nifi.processors.standard.RouteOnAttribute/"
RouteOnContent,RouteOnContent,active,"No changes","No changes required.","N/A","https://nifi.apache.org/docs/nifi-2.0.0-M3/components/org.apache.nifi/nifi-standard-nar/2.0.0-M3/org.apache.nifi.processors.standard.RouteOnContent/"
ScanAttribute,ScanAttribute,active,"No changes","No changes required.","N/A","https://nifi.apache.org/docs/nifi-2.0.0-M3/components/org.apache.nifi/nifi-standard-nar/2.0.0-M3/org.apache.nifi.processors.standard.ScanAttribute/"
ScanContent,ScanContent,active,"No changes","No changes required.","N/A","https://nifi.apache.org/docs/nifi-2.0.0-M3/components/org.apache.nifi/nifi-standard-nar/2.0.0-M3/org.apache.nifi.processors.standard.ScanContent/"
SegmentContent,SegmentContent,active,"No changes","No changes required.","N/A","https://nifi.apache.org/docs/nifi-2.0.0-M3/components/org.apache.nifi/nifi-standard-nar/2.0.0-M3/org.apache.nifi.processors.standard.SegmentContent/"
SplitContent,SplitContent,active,"No changes","No changes required.","N/A","https://nifi.apache.org/docs/nifi-2.0.0-M3/components/org.apache.nifi/nifi-standard-nar/2.0.0-M3/org.apache.nifi.processors.standard.SplitContent/"
SplitJson,SplitJson,active,"No changes","No changes required.","N/A","https://nifi.apache.org/docs/nifi-2.0.0-M3/components/org.apache.nifi/nifi-standard-nar/2.0.0-M3/org.apache.nifi.processors.standard.SplitJson/"
SplitText,SplitText,active,"No changes","No changes required.","N/A","https://nifi.apache.org/docs/nifi-2.0.0-M3/components/org.apache.nifi/nifi-standard-nar/2.0.0-M3/org.apache.nifi.processors.standard.SplitText/"
SplitXml,SplitXml,active,"No changes","No changes required.","N/A","https://nifi.apache.org/docs/nifi-2.0.0-M3/components/org.apache.nifi/nifi-standard-nar/2.0.0-M3/org.apache.nifi.processors.standard.SplitXml/"
TailFile,TailFile,active,"No changes","No changes required.","N/A","https://nifi.apache.org/docs/nifi-2.0.0-M3/components/org.apache.nifi/nifi-standard-nar/2.0.0-M3/org.apache.nifi.processors.standard.TailFile/"
TransformXml,TransformXml,active,"No changes","No changes required.","N/A","https://nifi.apache.org/docs/nifi-2.0.0-M3/components/org.apache.nifi/nifi-standard-nar/2.0.0-M3/org.apache.nifi.processors.standard.TransformXml/"
UpdateAttribute,UpdateAttribute,active,"No changes","No changes required.","N/A","https://nifi.apache.org/docs/nifi-2.0.0-M3/components/org.apache.nifi/nifi-standard-nar/2.0.0-M3/org.apache.nifi.processors.standard.UpdateAttribute/"
UpdateCounter,UpdateCounter,active,"No changes","No changes required.","N/A","https://nifi.apache.org/docs/nifi-2.0.0-M3/components/org.apache.nifi/nifi-standard-nar/2.0.0-M3/org.apache.nifi.processors.standard.UpdateCounter/"
ValidateXml,ValidateXml,active,"No changes","No changes required.","N/A","https://nifi.apache.org/docs/nifi-2.0.0-M3/components/org.apache.nifi/nifi-standard-nar/2.0.0-M3/org.apache.nifi.processors.standard.ValidateXml/"
CalculateParquetRowGroupOffsets,CalculateParquetRowGroupOffsets,active,"No changes in properties. Change in packaging.","The `nifi-parquet-nar` and `nifi-hadoop-libraries-nar` are no longer included by default. They must be manually downloaded and added to the `extensions` directory.","N/A","https://docs.cloudera.com/cdp-private-cloud-base/7.1.9/nifi-release-notes/topics/nifi-whats-new-in-20.html"
CaptureChangeMySQL,CaptureChangeMySQL,active,"No changes","No changes required. Ensure MySQL JDBC driver is compatible with the Java 21 runtime.","N/A","https://nifi.apache.org/docs/nifi-1.28.0/components/org.apache.nifi/nifi-cdc-nar/1.28.0/org.apache.nifi.processors.cdc.CaptureChangeMySQL/"
CompareFuzzyHash,-,removed,"The processor is unmaintained and planned for removal.","Find an alternative approach for comparing fuzzy hashes before migrating. No direct replacement is provided.","N/A","https://cwiki.apache.org/confluence/display/NIFI/Deprecated+Components"
ConnectWebSocket,ConnectWebSocket,active,"No direct property changes. May require compatible Controller Services.","Ensure any associated WebSocketClientService is configured correctly for NiFi 2.0.","N/A","https://nifi.apache.org/docs/nifi-2.0.0-M2/components/org.apache.nifi/nifi-websocket-nar/2.0.0-M2/org.apache.nifi.processors.websocket.ConnectWebSocket/"
ConsumeAMQP,ConsumeAMQP,active,"No direct property changes. Review environment compatibility (Java 21, Parameter Contexts).","Ensure AMQP client libraries are compatible and migrate any Variable Registry usage to Parameter Contexts.","N/A","https://nifi.apache.org/docs/nifi-2.0.0-M2/components/org.apache.nifi/nifi-amqp-nar/2.0.0-M2/org.apache.nifi.processors.amqp.ConsumeAMQP/"
ConsumeElasticsearch,ConsumeElasticsearch,active,"No direct property changes. Possible NAR coordinate changes.","Review environment (Java 21, etc.) and check if nifi-elasticsearch-restapi-nar bundle coordinates need updates in flow.json.gz.","N/A","https://nifi.apache.org/docs/nifi-2.0.0-M2/components/org.apache.nifi/nifi-elasticsearch-restapi-nar/2.0.0-M2/org.apache.nifi.processors.elasticsearch.ConsumeElasticsearch/"
ConsumeEWS,-,removed,"Processor removed in NiFi 2.0.","No direct replacement. Consider using Microsoft Graph API via InvokeHTTP.","N/A","https://cwiki.apache.org/confluence/display/NIFI/Deprecated+Components"
ConsumeGCPubSub,ConsumeGCPubSub,active,"No direct property changes. Possible NAR coordinate changes.","Review environment (Java 21, etc.) and check if nifi-gcp-nar bundle coordinates need updates in flow.json.gz.","N/A","https://nifi.apache.org/docs/nifi-2.0.0-M2/components/org.apache.nifi/nifi-gcp-nar/2.0.0-M2/org.apache.nifi.processors.gcp.pubsub.ConsumeGCPubSub/"
ConsumeGCPubSubLite,ConsumeGCPubSubLite,active,"No direct property changes. Possible NAR coordinate changes.","Review environment (Java 21, etc.) and check if nifi-gcp-nar bundle coordinates need updates in flow.json.gz.","N/A","https://nifi.apache.org/docs/nifi-2.0.0-M2/components/org.apache.nifi/nifi-gcp-nar/2.0.0-M2/org.apache.nifi.processors.gcp.pubsub.ConsumeGCPubSubLite/"
ConsumeIMAP,ConsumeIMAP,active,"No direct property changes. Review environment compatibility (Java 21, Parameter Contexts).","Ensure JavaMail libraries are compatible and migrate any Variable Registry usage to Parameter Contexts.","N/A","https://nifi.apache.org/docs/nifi-2.0.0-M2/components/org.apache.nifi/nifi-email-nar/2.0.0-M2/org.apache.nifi.processors.email.ConsumeIMAP/"
ConsumeKinesisStream,ConsumeKinesisStream,active,"No direct property changes. Possible NAR coordinate changes.","Review environment (Java 21, etc.) and check if nifi-aws-nar bundle coordinates need updates in flow.json.gz.","N/A","https://nifi.apache.org/docs/nifi-2.0.0-M2/components/org.apache.nifi/nifi-aws-nar/2.0.0-M2/org.apache.nifi.processors.aws.kinesis.ConsumeKinesisStream/"
ConsumeMQTT,ConsumeMQTT,active,"No direct property changes. Possible NAR coordinate changes.","Review environment (Java 21, etc.) and check if nifi-mqtt-nar bundle coordinates need updates in flow.json.gz.","N/A","https://nifi.apache.org/docs/nifi-2.0.0-M2/components/org.apache.nifi/nifi-mqtt-nar/2.0.0-M2/org.apache.nifi.processors.mqtt.ConsumeMQTT/"
ConsumePOP3,ConsumePOP3,active,"No direct property changes. Review environment compatibility (Java 21, Parameter Contexts).","Ensure JavaMail libraries are compatible and migrate any Variable Registry usage to Parameter Contexts.","N/A","https://nifi.apache.org/docs/nifi-2.0.0-M2/components/org.apache.nifi/nifi-email-nar/2.0.0-M2/org.apache.nifi.processors.email.ConsumePOP3/"
ConsumeWindowsEventLog,ConsumeWindowsEventLog,active,"No direct property changes. Review environment compatibility (Java 21, Parameter Contexts).","Ensure any required Windows libraries or configurations are compatible with the Java 21 runtime.","N/A","https://nifi.apache.org/docs/nifi-2.0.0-M2/components/org.apache.nifi/nifi-windows-event-log-nar/2.0.0-M2/org.apache.nifi.processors.windows.event.log.ConsumeWindowsEventLog/"
ConvertExcelToCSVProcessor,ConvertRecord,deprecated,"Processor is deprecated.","Use ConvertRecord with an ExcelReader and a CSVRecordSetWriter.","N/A","https://nifi.apache.org/docs/nifi-2.0.0-M2/components/org.apache.nifi/nifi-office-nar/2.0.0-M2/org.apache.nifi.processors.office.ConvertExcelToCSVProcessor/"
CopyS3Object,CopyS3Object,active,"No breaking changes. Functionality enhanced in NiFi 2.0.","Review environment (Java 21, etc.) and new S3 capabilities. Check for potential nifi-aws-nar bundle coordinate changes.","N/A","https://nifi.apache.org/docs/nifi-2.0.0-M2/components/org.apache.nifi/nifi-aws-nar/2.0.0-M2/org.apache.nifi.processors.aws.s3.CopyS3Object/"
DecryptContent,-,deprecated,"Processor is deprecated and will be removed in NiFi 2.x.","For PGP, use DecryptContentPGP. For other formats, no direct replacement is provided.","N/A","https://cwiki.apache.org/confluence/display/NIFI/Deprecated+Components"
DecryptContentAge,DecryptContentAge,active,"No direct property changes. Review environment compatibility (Java 21, Parameter Contexts).","Ensure underlying encryption libraries are compatible with Java 21.","N/A","https://nifi.apache.org/docs/nifi-2.0.0-M2/components/org.apache.nifi/nifi-security-nar/2.0.0-M2/org.apache.nifi.processors.security.DecryptContentAge/"
DecryptContentCompatibility,-,deprecated,"Processor is deprecated and will be removed in NiFi 2.x as it supports legacy encryption.","Migrate to a modern encryption method and use a different decryption processor like DecryptContentPGP for PGP or other custom solutions.","N/A","https://cwiki.apache.org/confluence/display/NIFI/Deprecated+Components"
DecryptContentPGP,DecryptContentPGP,active,"No changes","No changes required. It is the modern replacement for PGP operations.","N/A","https://nifi.apache.org/docs/nifi-2.0.0-M2/components/org.apache.nifi/nifi-pgp-nar/2.0.0-M2/org.apache.nifi.processors.pgp.DecryptContentPGP/"
DeleteAzureBlobStorage,DeleteAzureBlobStorage_v12,deprecated,"Processor is deprecated.","Replace with DeleteAzureBlobStorage_v12 and configure a shared AzureStorageCredentialsControllerService_v12.","N/A","https://nifi.apache.org/docs/nifi-2.0.0-M2/components/org.apache.nifi/nifi-azure-nar/2.0.0-M2/org.apache.nifi.processors.azure.storage.DeleteAzureBlobStorage_v12/"
DeleteAzureBlobStorage_v12,DeleteAzureBlobStorage_v12,active,"No changes","No changes required.","N/A","https://nifi.apache.org/docs/nifi-2.0.0-M2/components/org.apache.nifi/nifi-azure-nar/2.0.0-M2/org.apache.nifi.processors.azure.storage.DeleteAzureBlobStorage_v12/"
DeleteAzureDataLakeStorage,DeleteAzureDataLakeStorage,active,"No direct property changes. Possible NAR coordinate changes.","Review environment (Java 21, etc.) and check if nifi-azure-nar bundle coordinates need updates in flow.json.gz.","N/A","https://nifi.apache.org/docs/nifi-2.0.0-M2/components/org.apache.nifi/nifi-azure-nar/2.0.0-M2/org.apache.nifi.processors.azure.storage.DeleteAzureDataLakeStorage/"
DeleteByQueryElasticsearch,DeleteByQueryElasticsearch,active,"No direct property changes. Possible NAR coordinate changes.","Review environment (Java 21, etc.) and check if nifi-elasticsearch-restapi-nar bundle coordinates need updates in flow.json.gz.","N/A","https://nifi.apache.org/docs/nifi-2.0.0-M2/components/org.apache.nifi/nifi-elasticsearch-restapi-nar/2.0.0-M2/org.apache.nifi.processors.elasticsearch.DeleteByQueryElasticsearch/"
DeleteDynamoDB,DeleteDynamoDB,active,"No direct property changes. Possible NAR coordinate changes.","Review environment (Java 21, etc.) and check if nifi-aws-nar bundle coordinates need updates in flow.json.gz.","N/A","https://nifi.apache.org/docs/nifi-2.0.0-M2/components/org.apache.nifi/nifi-aws-nar/2.0.0-M2/org.apache.nifi.processors.aws.dynamodb.DeleteDynamoDB/"
DeleteGCSObject,DeleteGCSObject,active,"No direct property changes. Possible NAR coordinate changes.","Review environment (Java 21, etc.) and check if nifi-gcp-nar bundle coordinates need updates in flow.json.gz.","N/A","https://nifi.apache.org/docs/nifi-2.0.0-M2/components/org.apache.nifi/nifi-gcp-nar/2.0.0-M2/org.apache.nifi.processors.gcp.storage.DeleteGCSObject/"
DeleteGridFS,DeleteGridFS,active,"No direct property changes. Possible NAR coordinate changes.","Review environment (Java 21, etc.) and check if nifi-mongodb-nar bundle coordinates need updates in flow.json.gz.","N/A","https://nifi.apache.org/docs/nifi-2.0.0-M2/components/org.apache.nifi/nifi-mongodb-nar/2.0.0-M2/org.apache.nifi.processors.mongodb.DeleteGridFS/"
DeleteHBaseCells,DeleteHBaseCells,active,"No direct property changes. Possible NAR coordinate changes.","Review environment (Java 21, etc.) and check if nifi-hbase-nar bundle coordinates need updates in flow.json.gz.","N/A","https://nifi.apache.org/docs/nifi-2.0.0-M2/components/org.apache.nifi/nifi-hbase-nar/2.0.0-M2/org.apache.nifi.processors.hbase.DeleteHBaseCells/"
DeleteHBaseRow,DeleteHBaseRow,active,"No direct property changes. Possible NAR coordinate changes.","Review environment (Java 21, etc.) and check if nifi-hbase-nar bundle coordinates need updates in flow.json.gz.","N/A","https://nifi.apache.org/docs/nifi-2.0.0-M2/components/org.apache.nifi/nifi-hbase-nar/2.0.0-M2/org.apache.nifi.processors.hbase.DeleteHBaseRow/"
DeleteHDFS,DeleteHDFS,active,"No direct property changes. The nifi-hadoop-nar may not be included by default.","Ensure nifi-hadoop-nar is present in the extensions directory. Review environment for Java 21 and Parameter Contexts usage.","N/A","https://nifi.apache.org/docs/nifi-2.0.0-M2/components/org.apache.nifi/nifi-hadoop-nar/2.0.0-M2/org.apache.nifi.processors.hadoop.DeleteHDFS/"
DeleteMongo,DeleteMongo,active,"No direct property changes. Possible NAR coordinate changes.","Review environment (Java 21, etc.) and check if nifi-mongodb-nar bundle coordinates need updates in flow.json.gz. Ensure MongoDBClientService is compatible.","N/A","https://nifi.apache.org/docs/nifi-2.0.0-M2/components/org.apache.nifi/nifi-mongodb-nar/2.0.0-M2/org.apache.nifi.processors.mongodb.DeleteMongo/"